theme_id,layer_id,ticker,isin,company_id,exposure_score,confidence,source_url,rationale,last_reviewed
ai_infrastructure,accelerators,NVDA_US_EQ,,nvidia,5,manual_high,https://investor.nvidia.com/financial-info/quarterly-results/default.aspx,Primary merchant GPU accelerator supplier for AI training and inference.,2026-05-09
ai_infrastructure,cloud,MSFT_US_EQ,,microsoft,4,manual_high,https://www.microsoft.com/en-us/investor,Azure is a major buyer and seller of AI infrastructure capacity.,2026-05-09
ai_infrastructure,semiconductor_equipment,ASML_US_EQ,,asml,5,manual_high,https://www.asml.com/en/investors,Leading-edge EUV lithography exposure for advanced AI chips.,2026-05-09
ai_infrastructure,cooling_and_power,VRT_US_EQ,,vertiv,5,manual_high,https://investors.vertiv.com/,Data-centre power and cooling infrastructure exposure.,2026-05-09
ai_infrastructure,power_generation,CEG_US_EQ,,constellation_energy,4,manual_medium,https://www.constellationenergy.com/investors.html,Nuclear-heavy power generation exposed to data-centre electricity demand.,2026-05-09
ai_infrastructure,accelerators,AMD_US_EQ,,advanced_micro_devices_inc,3,manual_medium,https://ir.amd.com/,GPU and accelerator alternative with data-centre AI exposure.,2026-05-09
ai_infrastructure,accelerators,AVGO_US_EQ,,broadcom_inc,4,manual_medium,https://investors.broadcom.com/,Custom AI silicon and networking exposure.,2026-05-09
ai_infrastructure,memory,MU_US_EQ,,micron_technology_inc,4,manual_medium,https://investors.micron.com/,High-bandwidth memory and data-centre memory exposure.,2026-05-09
ai_infrastructure,systems,SMCI_US_EQ,,super_micro_computer_inc,4,manual_medium,https://ir.supermicro.com/,AI server and rack integration exposure.,2026-05-09
ai_infrastructure,power_generation,VST_US_EQ,,vistra_corp,4,manual_medium,https://investor.vistracorp.com/,Power generation exposure to data-centre load growth.,2026-05-09
ai_infrastructure,foundry_and_packaging,TSM_US_EQ,,taiwan_semiconductor_manufacturing_company_limited,5,manual_high,https://investor.tsmc.com/,Leading-edge foundry exposure for AI accelerator production.,2026-05-09
ai_infrastructure,semiconductor_equipment,,,applied_materials_inc,4,manual_high,https://ir.appliedmaterials.com/,Wafer fabrication equipment exposure for advanced AI chips.,2026-05-16
ai_infrastructure,semiconductor_equipment,,,lam_research_corp_r,4,manual_high,https://investor.lamresearch.com/,Etch and deposition equipment exposure for advanced AI chips.,2026-05-16
ai_infrastructure,semiconductor_equipment,,,kla_corporation,4,manual_high,https://ir.kla.com/,Process control and inspection exposure for advanced AI chips.,2026-05-16
ai_infrastructure,design_tools,,,synopsys_inc,4,manual_high,https://investor.synopsys.com/,EDA and IP tools used in advanced chip design.,2026-05-16
ai_infrastructure,design_tools,,,cadence_design_systems_inc,4,manual_high,https://www.cadence.com/en_US/home/company/investor-relations.html,EDA tools used in advanced chip design.,2026-05-16
ai_infrastructure,networking,,,marvell_technology_inc,4,manual_medium,https://investor.marvell.com/,Data-centre networking silicon exposure.,2026-05-16
ai_infrastructure,networking,,,arista_networks_inc,4,manual_high,https://investors.arista.com/,Cloud and AI data-centre networking exposure.,2026-05-16
ai_infrastructure,networking,,,amphenol_corp_r,3,manual_medium,https://investors.amphenol.com/,High-speed interconnect component exposure for data centres.,2026-05-16
ai_infrastructure,systems,,,dell_technologies_inc,3,manual_medium,https://investors.delltechnologies.com/,Enterprise server and AI infrastructure systems exposure.,2026-05-16
ai_infrastructure,systems,,,hewlett_packard_enterprise_company,3,manual_medium,https://investors.hpe.com/,Enterprise server and AI infrastructure systems exposure.,2026-05-16
ai_infrastructure,systems,,,jabil_inc,3,manual_medium,https://investors.jabil.com/,Manufacturing services exposure to AI infrastructure systems.,2026-05-16
ai_infrastructure,systems,,,flex_ltd,3,manual_medium,https://investors.flex.com/,Manufacturing services exposure to AI infrastructure systems.,2026-05-16
ai_infrastructure,systems,,,celestica_inc,3,manual_medium,https://investors.celestica.com/,Manufacturing services exposure to AI infrastructure systems.,2026-05-16
ai_infrastructure,grid_equipment,,,ge_vernova,3,manual_medium,https://www.gevernova.com/investors,Grid and power equipment exposure to data-centre load growth.,2026-05-16
ai_infrastructure,grid_equipment,,,eaton,4,manual_medium,https://www.eaton.com/us/en-us/company/investor-relations.html,Electrical equipment exposure to data-centre power needs.,2026-05-16
ai_infrastructure,grid_equipment,,,quanta_services_inc,3,manual_medium,https://investors.quantaservices.com/,Grid infrastructure services exposure to power demand growth.,2026-05-16
ai_infrastructure,power_generation,,,nrg_energy_inc_r,3,manual_medium,https://investors.nrg.com/,Power generation exposure to data-centre electricity demand.,2026-05-16
ai_infrastructure,power_generation,,,duke_energy_corp_r,3,manual_medium,https://investors.duke-energy.com/,Electric utility generation capacity exposure to load growth.,2026-05-16
ai_infrastructure,power_generation,,,american_electric_power_co_inc,3,manual_medium,https://www.aep.com/investors/,Regulated electric utility exposure to grid load growth.,2026-05-16
ai_infrastructure,power_generation,,,nextera_energy_inc,3,manual_medium,https://investors.nexteraenergy.com/,Power generation and utility exposure to data-centre load growth.,2026-05-16
ai_infrastructure,grid_equipment,,,abb_ltd_n,4,manual_high,https://global.abb/group/en/investors,Electrical automation and grid equipment exposure.,2026-05-16
ai_infrastructure,grid_equipment,,,schneider_electric_s_e,4,manual_high,https://www.se.com/ww/en/about-us/investor-relations/,Electrical distribution and energy management exposure.,2026-05-16
ai_infrastructure,grid_equipment,,,siemens_aktiengesellschaft,3,manual_medium,https://www.siemens.com/en-us/company/investor-relations/,Electrification and automation exposure for power infrastructure.,2026-05-16
ai_infrastructure,grid_equipment,,,hubbell_incorporated,4,manual_medium,https://investor.hubbell.com/ar2025/,Utility and electrical equipment exposure to data-centre demand.,2026-05-16
ai_infrastructure,grid_equipment,,,nvent_electric_plc,4,manual_high,https://investors.nvent.com/,Data-centre power distribution and electrical enclosure exposure.,2026-05-16
ai_infrastructure,grid_equipment,,,powell_industries_inc,3,manual_medium,https://powellindustriesinc.gcs-web.com/investor-relations,Electrical distribution and control equipment exposure.,2026-05-16
ai_infrastructure,cooling_and_power,,,carrier_global_corp,4,manual_high,https://ir.carrier.com/,HVAC and building systems exposure for data-centre cooling.,2026-05-16
ai_infrastructure,cooling_and_power,,,trane_technologies_plc,4,manual_high,https://investors.tranetechnologies.com/,Thermal management and HVAC exposure for data-centre cooling.,2026-05-16
ai_infrastructure,cooling_and_power,,,johnson_controls_international_plc,3,manual_medium,https://investors.johnsoncontrols.com/,Building systems and HVAC exposure for data-centre infrastructure.,2026-05-16
ai_infrastructure,cooling_and_power,,,comfort_systems_usa_inc,3,manual_medium,https://investors.comfortsystemsusa.com/,Mechanical contracting exposure to data-centre cooling buildout.,2026-05-16
ai_infrastructure,cooling_and_power,,,emcor_group_inc,3,manual_medium,https://emcorgroup.com/investor-relations,Mechanical and electrical construction exposure to data-centre buildout.,2026-05-16
ai_infrastructure,semiconductor_equipment,,,asm_international_nv,4,manual_high,https://www.asm.com/investors,Wafer deposition equipment exposure for advanced AI chips.,2026-05-16
ai_infrastructure,semiconductor_equipment,,,tokyo_electron_limited,4,manual_high,https://www.tel.com/ir/,Wafer fabrication equipment exposure for advanced AI chips.,2026-05-16
ai_infrastructure,semiconductor_equipment,,,teradyne_inc,3,manual_high,https://investors.teradyne.com/,Semiconductor automated test equipment exposure.,2026-05-16
ai_infrastructure,semiconductor_equipment,,,onto_innovation_inc,3,manual_high,https://investors.ontoinnovation.com/,Semiconductor process-control equipment exposure.,2026-05-16
ai_infrastructure,semiconductor_equipment,,,axcelis_technologies_inc,3,manual_high,https://investor.axcelis.com/,Ion implantation equipment exposure for advanced semiconductors.,2026-05-16
ai_infrastructure,semiconductor_equipment,,,acm_research_inc,3,manual_high,https://ir.acmr.com,Semiconductor wafer-cleaning equipment exposure.,2026-05-16
ai_infrastructure,semiconductor_equipment,,,be_semiconductor_industries_n_v,3,manual_high,https://www.besi.com/investor-relations/,Semiconductor assembly equipment exposure.,2026-05-16
ai_infrastructure,semiconductor_equipment,,,kulicke_soffa_industries,3,manual_high,https://investor.kns.com/,Semiconductor packaging equipment exposure.,2026-05-16
ai_infrastructure,design_tools,,,arteris_inc,3,manual_high,https://ir.arteris.com/,Semiconductor IP and SoC interconnect design exposure.,2026-05-16
ai_infrastructure,design_tools,,,rambus_inc,3,manual_high,https://investor.rambus.com/,Silicon IP exposure for data-centre memory and interface performance.,2026-05-16
ai_infrastructure,design_tools,,,keysight_technologies_inc,3,manual_medium,https://investor.keysight.com/,Electronic design and validation tools exposure for semiconductor systems.,2026-05-16
ai_infrastructure,foundry_and_packaging,,,globalfoundries_inc,4,manual_high,https://investors.gf.com/,Semiconductor foundry exposure for AI infrastructure chips.,2026-05-16
ai_infrastructure,foundry_and_packaging,,,united_microelectronics,3,manual_high,https://www.umc.com/en/IR/Index,Semiconductor foundry exposure.,2026-05-16
ai_infrastructure,foundry_and_packaging,,,ase_technology,4,manual_high,https://ir.aseglobal.com/,Semiconductor assembly and test exposure.,2026-05-16
ai_infrastructure,foundry_and_packaging,,,amkor_technology_inc,4,manual_high,https://ir.amkor.com/,Outsourced semiconductor packaging and test exposure.,2026-05-16
ai_infrastructure,memory,,,samsung_electronics_co_ltd,4,manual_high,https://www.samsung.com/global/ir/,Memory semiconductor exposure.,2026-05-16
ai_infrastructure,memory,,,sk_hynix,4,manual_high,https://www.skhynix.com/eng/ir/UI-FR-IR01,Memory and HBM semiconductor exposure.,2026-05-16
ai_infrastructure,memory,,,kioxia_holdings,3,manual_high,https://www.kioxia-holdings.com/en-jp/ir.html,NAND memory semiconductor exposure.,2026-05-16
ai_infrastructure,networking,,,cisco_systems_inc,4,manual_high,https://investor.cisco.com/,Data-centre and AI networking infrastructure exposure.,2026-05-16
ai_infrastructure,networking,,,ciena_corp_r,4,manual_high,https://investor.ciena.com/,High-speed optical networking exposure for AI-era bandwidth demand.,2026-05-16
ai_infrastructure,networking,,,lumentum_holdings_inc,4,manual_high,https://investor.lumentum.com/OVERVIEW/DEFAULT.ASPX,Optical components exposure for data-centre connectivity.,2026-05-16
ai_infrastructure,networking,,,coherent,4,manual_medium,https://investor.coherent.com/,Optical communications component exposure for data centres.,2026-05-16
ai_infrastructure,networking,,,fabrinet,3,manual_medium,https://investor.fabrinet.com/,Optical communications manufacturing exposure.,2026-05-16
ai_infrastructure,networking,,,astera_labs_inc,4,manual_high,https://ir.asteralabs.com/,Data-centre connectivity semiconductor exposure.,2026-05-16
ai_infrastructure,cloud,,,amazon_com_inc,4,manual_high,https://ir.aboutamazon.com/,AWS hyperscale cloud and AI infrastructure exposure.,2026-05-16
ai_infrastructure,cloud,,,alphabet_inc,4,manual_high,https://abc.xyz/investor/,Google Cloud hyperscale AI infrastructure exposure.,2026-05-16
ai_infrastructure,cloud,,,meta_platforms_inc,4,manual_medium,https://investor.atmeta.com/,Hyperscale AI infrastructure buyer exposure.,2026-05-16
ai_infrastructure,cloud,,,oracle_corporation,4,manual_high,https://investor.oracle.com/,Oracle Cloud infrastructure exposure.,2026-05-16
ai_infrastructure,cloud,,,international_business_machines_corporation,3,manual_medium,https://www.ibm.com/investor,Hybrid cloud and AI infrastructure exposure.,2026-05-16
ai_infrastructure,data_centres,,,equinix_inc,4,manual_high,https://investor.equinix.com/,Carrier-neutral colocation and interconnection data-centre platform exposure.,2026-05-16
ai_infrastructure,data_centres,,,digital_realty_trust_inc,4,manual_high,https://investor.digitalrealty.com/,Data-centre colocation and hyperscale platform exposure.,2026-05-16
ai_infrastructure,data_centres,,,gds_holdings_limited,3,manual_high,https://www.gds.com/investors/,Data-centre platform exposure in China and international markets.,2026-05-16
ai_infrastructure,data_centres,,,iron_mountain,3,manual_medium,https://www.ironmountain.com/data-centers,Data-centre business exposure alongside broader information-management operations.,2026-05-16
semiconductors,equipment,,,asml,5,manual_high,https://www.asml.com/en/investors,Leading lithography equipment supplier.,2026-05-16
semiconductors,equipment,,,applied_materials_inc,5,manual_high,https://ir.appliedmaterials.com/,Wafer fabrication equipment supplier.,2026-05-16
semiconductors,equipment,,,lam_research_corp_r,5,manual_high,https://investor.lamresearch.com/,Etch and deposition equipment supplier.,2026-05-16
semiconductors,equipment,,,kla_corporation,5,manual_high,https://ir.kla.com/,Process control and inspection equipment supplier.,2026-05-16
semiconductors,equipment,,,advantest_corporation,5,manual_high,https://www.advantest.com/investors/,Semiconductor test equipment supplier.,2026-05-16
semiconductors,equipment,,,mks_inc,4,manual_high,https://investor.mks.com/,Semiconductor process-control and specialty chemicals technology supplier.,2026-05-16
semiconductors,equipment,,,nova_ltd,4,manual_high,https://www.novameasuring.com/about-us/,Semiconductor metrology and process-control equipment supplier.,2026-05-16
semiconductors,equipment,,,camtek_ltd,4,manual_high,https://www.camtek.com/investors/,Semiconductor inspection and metrology equipment supplier.,2026-05-16
semiconductors,equipment,,,formfactor_inc,4,manual_high,https://investors.formfactor.com/,Semiconductor test and measurement technology supplier.,2026-05-16
semiconductors,equipment,,,veeco_instruments_inc,3,manual_high,https://ir.veeco.com/,Semiconductor process equipment supplier.,2026-05-16
semiconductors,equipment,,,ultra_clean_holdings_inc,3,manual_high,https://www.uct.com/home/default.aspx,Semiconductor subsystems and ultra-high purity services supplier.,2026-05-16
semiconductors,equipment,,,cohu_inc,3,manual_high,https://cohu.gcs-web.com/,Semiconductor test automation and inspection supplier.,2026-05-16
semiconductors,design_tools,,,synopsys_inc,5,manual_high,https://investor.synopsys.com/,Semiconductor EDA and IP supplier.,2026-05-16
semiconductors,design_tools,,,cadence_design_systems_inc,5,manual_high,https://www.cadence.com/en_US/home/company/investor-relations.html,Semiconductor EDA and IP supplier.,2026-05-16
semiconductors,materials_chemicals,,,entegris_inc,4,manual_high,https://investor.entegris.com/overview/default.aspx,Advanced materials and contamination-control exposure for semiconductor manufacturing.,2026-05-16
semiconductors,materials_chemicals,,,shin_etsu_chemical_co_ltd,4,manual_high,https://www.shinetsu.co.jp/en/products/semiconductor-silicon-business/,Semiconductor silicon wafer exposure.,2026-05-16
semiconductors,materials_chemicals,,,sumco_corporation,4,manual_high,https://www.sumcosi.com/english/ir/glance/information.html,Silicon wafer exposure for semiconductor fabrication.,2026-05-16
semiconductors,materials_chemicals,,,linde_plc,3,manual_medium,https://www.linde.com/news-and-media/2021/linde-signs-long-term-agreement-to-supply-new-world-class-semiconductor-manufacturing-complex-in-the-u-s,Specialty gas exposure for semiconductor manufacturing.,2026-05-16
semiconductors,materials_chemicals,,,l_air_liquide_s_a,3,manual_medium,https://www.airliquide.com/group/activities/electronics,Electronics gases and materials exposure for semiconductor manufacturing.,2026-05-16
semiconductors,materials_chemicals,,,merck_kgaa,3,manual_medium,https://www.reports.emdgroup.com/en/annualreport/2024/management-report/fundamental-information-about-the-group/company-profile-and-structure/electronics.html,Electronics materials exposure including semiconductor solutions.,2026-05-16
semiconductors,materials_chemicals,,,dupont_de_nemours,3,manual_medium,https://www.dupont.com/electronics-industrial/advanced-computing-and-artificial-intelligence.html,Semiconductor fabrication and packaging materials exposure.,2026-05-16
semiconductors,foundry_and_packaging,,,taiwan_semiconductor_manufacturing_company_limited,5,manual_high,https://investor.tsmc.com/,Leading semiconductor foundry exposure.,2026-05-16
semiconductors,foundry_and_packaging,,,intel_corporation,4,manual_medium,https://www.intc.com/,Integrated chipmaker with foundry strategy exposure.,2026-05-16
semiconductors,memory,,,micron_technology_inc,5,manual_high,https://investors.micron.com/,Memory and HBM semiconductor exposure.,2026-05-16
semiconductors,fabless_design,,,nvidia,5,manual_high,https://investor.nvidia.com/financial-info/quarterly-results/default.aspx,GPU and accelerator semiconductor design exposure.,2026-05-16
semiconductors,fabless_design,,,advanced_micro_devices_inc,5,manual_high,https://ir.amd.com/,CPU GPU and accelerator semiconductor design exposure.,2026-05-16
semiconductors,fabless_design,,,broadcom_inc,5,manual_high,https://investors.broadcom.com/,Networking and custom silicon semiconductor exposure.,2026-05-16
semiconductors,fabless_design,,,marvell_technology_inc,4,manual_high,https://investor.marvell.com/,Data infrastructure semiconductor design exposure.,2026-05-16
semiconductors,fabless_design,,,arm_holdings_plc,4,manual_high,https://investors.arm.com/,Processor IP semiconductor exposure.,2026-05-16
semiconductors,fabless_design,,,qualcomm_incorporated,4,manual_high,https://investor.qualcomm.com/,Wireless and processor semiconductor design exposure.,2026-05-16
semiconductors,analog_power,,,analog_devices_inc,4,manual_high,https://investor.analog.com/,Analog mixed-signal and power semiconductor exposure.,2026-05-16
semiconductors,analog_power,,,nxp_semiconductors_n_v,4,manual_high,https://investors.nxp.com/,Embedded and automotive semiconductor exposure.,2026-05-16
semiconductors,analog_power,,,on_semiconductor_corporation,4,manual_high,https://investor.onsemi.com/,Power and intelligent sensing semiconductor exposure.,2026-05-16
semiconductors,analog_power,,,monolithic_power_systems_inc,4,manual_high,https://investors.monolithicpower.com/,Power semiconductor exposure.,2026-05-16
semiconductors,equipment,,,asm_international_nv,5,manual_high,https://www.asm.com/investors,Wafer deposition equipment supplier.,2026-05-16
semiconductors,equipment,,,tokyo_electron_limited,5,manual_high,https://www.tel.com/ir/,Wafer fabrication equipment supplier.,2026-05-16
semiconductors,equipment,,,teradyne_inc,4,manual_high,https://investors.teradyne.com/,Semiconductor automated test equipment supplier.,2026-05-16
semiconductors,equipment,,,onto_innovation_inc,4,manual_high,https://investors.ontoinnovation.com/,Semiconductor process-control equipment supplier.,2026-05-16
semiconductors,equipment,,,axcelis_technologies_inc,4,manual_high,https://investor.axcelis.com/,Ion implantation equipment supplier.,2026-05-16
semiconductors,equipment,,,acm_research_inc,4,manual_high,https://ir.acmr.com,Wafer-cleaning equipment supplier.,2026-05-16
semiconductors,equipment,,,be_semiconductor_industries_n_v,4,manual_high,https://www.besi.com/investor-relations/,Semiconductor assembly equipment supplier.,2026-05-16
semiconductors,equipment,,,kulicke_soffa_industries,4,manual_high,https://investor.kns.com/,Semiconductor packaging equipment supplier.,2026-05-16
semiconductors,design_tools,,,arteris_inc,4,manual_high,https://ir.arteris.com/,Semiconductor IP and SoC interconnect design exposure.,2026-05-16
semiconductors,design_tools,,,rambus_inc,4,manual_high,https://investor.rambus.com/,Semiconductor silicon IP exposure.,2026-05-16
semiconductors,design_tools,,,keysight_technologies_inc,3,manual_medium,https://investor.keysight.com/,Electronic design and validation tools exposure.,2026-05-16
semiconductors,foundry_and_packaging,,,globalfoundries_inc,5,manual_high,https://investors.gf.com/,Semiconductor foundry exposure.,2026-05-16
semiconductors,foundry_and_packaging,,,united_microelectronics,4,manual_high,https://www.umc.com/en/IR/Index,Semiconductor foundry exposure.,2026-05-16
semiconductors,foundry_and_packaging,,,ase_technology,4,manual_high,https://ir.aseglobal.com/,Semiconductor assembly and test exposure.,2026-05-16
semiconductors,foundry_and_packaging,,,amkor_technology_inc,4,manual_high,https://ir.amkor.com/,Outsourced semiconductor packaging and test exposure.,2026-05-16
semiconductors,memory,,,samsung_electronics_co_ltd,5,manual_high,https://www.samsung.com/global/ir/,Memory semiconductor exposure.,2026-05-16
semiconductors,memory,,,sk_hynix,5,manual_high,https://www.skhynix.com/eng/ir/UI-FR-IR01,Memory and HBM semiconductor exposure.,2026-05-16
semiconductors,memory,,,kioxia_holdings,4,manual_high,https://www.kioxia-holdings.com/en-jp/ir.html,NAND memory semiconductor exposure.,2026-05-16
semiconductors,fabless_design,,,astera_labs_inc,4,manual_high,https://ir.asteralabs.com/,Data-centre connectivity semiconductor design exposure.,2026-05-16
semiconductors,fabless_design,,,skyworks_solutions_inc_r,4,manual_high,https://investors.skyworksinc.com/,Wireless semiconductor design exposure.,2026-05-16
semiconductors,fabless_design,,,qorvo_inc,4,manual_high,https://ir.qorvo.com/,RF semiconductor design exposure.,2026-05-16
semiconductors,fabless_design,,,lattice_semiconductor,4,manual_high,https://ir.latticesemi.com/,Low-power FPGA semiconductor design exposure.,2026-05-16
semiconductors,fabless_design,,,impinj_inc,3,manual_high,https://investor.impinj.com/,RAIN RFID semiconductor design exposure.,2026-05-16
semiconductors,analog_power,,,texas_instruments_incorporated,5,manual_high,https://investor.ti.com/,Analog and embedded semiconductor exposure.,2026-05-16
semiconductors,analog_power,,,stmicroelectronics_n_v,4,manual_high,https://investors.st.com/,Power and embedded semiconductor exposure.,2026-05-16
semiconductors,analog_power,,,infineon_technologies_ag,4,manual_high,https://www.infineon.com/cms/en/about-infineon/investor/,Power and embedded semiconductor exposure.,2026-05-16
semiconductors,analog_power,,,microchip_technology_inc,4,manual_high,https://www.microchip.com/en-us/about/investors,Embedded semiconductor exposure.,2026-05-16
semiconductors,analog_power,,,renesas_electronics_corporation,4,manual_high,https://www.renesas.com/en/about/investor-relations,Embedded semiconductor exposure.,2026-05-16
energy,integrated_oil_gas,,,exxon_mobil_corporation,5,manual_high,https://corporate.exxonmobil.com/investors,Integrated oil and gas exposure.,2026-05-16
energy,integrated_oil_gas,,,chevron_corporation,5,manual_high,https://www.chevron.com/investors,Integrated oil and gas exposure.,2026-05-16
energy,upstream,,,conocophillips,5,manual_high,https://www.conocophillips.com/investor-relations/,Upstream exploration and production exposure.,2026-05-16
energy,oilfield_services,,,baker_hughes,5,manual_high,https://investors.bakerhughes.com/,Oilfield services and energy technology exposure.,2026-05-16
energy,power_generation,,,constellation_energy,5,manual_high,https://www.constellationenergy.com/investors.html,Power generation exposure.,2026-05-16
energy,power_generation,,,vistra_corp,5,manual_high,https://investor.vistracorp.com/,Power generation exposure.,2026-05-16
energy,power_generation,,,nextera_energy_inc,4,manual_high,https://investors.nexteraenergy.com/,Power generation and utility exposure.,2026-05-16
energy,grid_equipment,,,ge_vernova,5,manual_high,https://www.gevernova.com/investors,Power and grid equipment exposure.,2026-05-16
energy,grid_equipment,,,eaton,5,manual_high,https://www.eaton.com/us/en-us/company/investor-relations.html,Electrical and power management equipment exposure.,2026-05-16
energy,grid_equipment,,,quanta_services_inc,4,manual_high,https://investors.quantaservices.com/,Grid infrastructure services exposure.,2026-05-16
energy,renewables,,,first_solar_inc,5,manual_high,https://investor.firstsolar.com/,Solar module manufacturer exposure.,2026-05-16
energy,energy_storage,,,enphase_energy_inc,4,manual_high,https://investor.enphase.com/,Solar inverter and battery storage exposure.,2026-05-16
energy,energy_storage,,,tesla_inc,3,manual_medium,https://ir.tesla.com/,Battery storage exposure alongside automotive operations.,2026-05-16
defence,primes,,,lockheed_martin_corporation,5,manual_high,https://investors.lockheedmartin.com/,Defence prime contractor exposure.,2026-05-16
defence,primes,,,rtx_corporation,5,manual_high,https://investors.rtx.com/,Aerospace and defence prime exposure.,2026-05-16
defence,primes,,,northrop_grumman_corporation,5,manual_high,https://investor.northropgrumman.com/,Defence prime contractor exposure.,2026-05-16
defence,primes,,,general_dynamics_corporation,5,manual_high,https://investorrelations.gd.com/,Defence prime contractor exposure.,2026-05-16
defence,aerospace_components,,,howmet_aerospace_inc,4,manual_high,https://www.howmet.com/investors/,Aerospace engineered components exposure.,2026-05-16
defence,defence_software,,,palantir_technologies_inc,4,manual_high,https://investors.palantir.com/,Defence and government data software exposure.,2026-05-16
defence,cyber,,,crowdstrike,4,manual_high,https://ir.crowdstrike.com/,Cybersecurity platform exposure.,2026-05-16
defence,cyber,,,palo_alto_networks_inc,4,manual_high,https://investors.paloaltonetworks.com/,Cybersecurity platform exposure.,2026-05-16
healthcare,biopharma,,,eli_lilly_and_company,5,manual_high,https://investor.lilly.com/,Biopharma drug developer exposure.,2026-05-16
healthcare,biopharma,,,novo_nordisk_a_s,5,manual_high,https://www.novonordisk.com/investors.html,Biopharma drug developer exposure.,2026-05-16
healthcare,life_science_tools,,,thermo_fisher_scientific_inc,5,manual_high,https://ir.thermofisher.com/,Life science tools and diagnostics exposure.,2026-05-16
healthcare,life_science_tools,,,danaher_corporation,5,manual_high,https://investors.danaher.com/,Life science tools and diagnostics exposure.,2026-05-16
healthcare,medical_devices,,,intuitive_surgical_inc,5,manual_high,https://isrg.intuitive.com/,Robotic surgery medical device exposure.,2026-05-16
healthcare,medical_devices,,,stryker_corp_r,5,manual_high,https://investors.stryker.com/,Medical device exposure.,2026-05-16
healthcare,care_delivery,,,unitedhealth_group_incorporated,5,manual_high,https://www.unitedhealthgroup.com/investors.html,Health insurance and care delivery exposure.,2026-05-16
fintech,payments,,,visa_inc,5,manual_high,https://investor.visa.com/,Global payments network exposure.,2026-05-16
fintech,payments,,,mastercard_incorporated,5,manual_high,https://investor.mastercard.com/,Global payments network exposure.,2026-05-16
fintech,payments,,,paypal_holdings_inc,4,manual_high,https://investor.pypl.com/,Digital payments platform exposure.,2026-05-16
fintech,payments,,,block_inc,4,manual_high,https://investors.block.xyz/,Payments and financial services platform exposure.,2026-05-16
fintech,payments,,,adyen_n_v,4,manual_high,https://www.adyen.com/ir,Payment processing platform exposure.,2026-05-16
fintech,capital_markets,,,robinhood_markets,4,manual_high,https://investors.robinhood.com/,Digital brokerage and investing platform exposure.,2026-05-16
fintech,consumer_finance,,,sofi_technologies,4,manual_high,https://investors.sofi.com/,Digital banking and lending platform exposure.,2026-05-16
fintech,crypto_rails,,,coinbase_global_inc,5,manual_high,https://investor.coinbase.com/,Crypto trading and custody platform exposure.,2026-05-16
fintech,payments,,,mercadolibre_inc,3,manual_medium,https://investor.mercadolibre.com/,Mercado Pago gives payments exposure alongside marketplace operations.,2026-05-16
fintech,banking_software,,,fiserv_inc,4,manual_high,https://investors.fiserv.com/,Account processing and digital banking technology exposure.,2026-05-16
fintech,banking_software,,,fidelity_national_information_services_inc,4,manual_high,https://www.investor.fisglobal.com/,Financial institution technology platform exposure.,2026-05-16
fintech,banking_software,,,jack_henry_associates_inc,4,manual_high,https://ir.jackhenry.com/,Bank and credit-union technology platform exposure.,2026-05-16
fintech,banking_software,,,q2_holdings_inc,4,manual_high,https://investors.q2.com/overview/default.aspx,Digital banking platform exposure.,2026-05-16
fintech,banking_software,,,ncino,4,manual_high,https://investor.ncino.com/,Cloud banking platform exposure.,2026-05-16
fintech,banking_software,,,temenos_ag,4,manual_high,https://www.temenos.com/about-us/investor-relations,Banking software platform exposure.,2026-05-16
commodities,diversified_mining,,,bhp_group_limited,5,manual_high,https://www.bhp.com/investors,Diversified mining exposure.,2026-05-16
commodities,diversified_mining,,,rio_tinto_group,5,manual_high,https://www.riotinto.com/invest/investors,Diversified mining exposure.,2026-05-16
commodities,copper,,,freeport_mcmoran_inc,5,manual_high,https://investors.fcx.com/,Copper mining exposure.,2026-05-16
commodities,copper,,,southern_copper,5,manual_high,https://southerncoppercorp.com/investors/,Copper mining exposure.,2026-05-16
commodities,precious_metals,,,newmont_corporation,5,manual_high,https://investors.newmont.com/,Gold mining exposure.,2026-05-16
commodities,precious_metals,,,barrick_mining_corporation,5,manual_high,https://www.barrick.com/English/investors/default.aspx,Gold mining exposure.,2026-05-16
commodities,lithium,,,albemarle_corporation,5,manual_high,https://investors.albemarle.com/,Lithium and battery materials exposure.,2026-05-16
commodities,lithium,,,sociedad_quimica_y_minera_de_chile,5,manual_high,https://ir.sqm.com/,Lithium and specialty chemicals exposure.,2026-05-16
commodities,agriculture_inputs,,,mosaic,5,manual_high,https://investors.mosaicco.com/,Fertilizer and crop nutrient exposure.,2026-05-16
commodities,agriculture_inputs,,,cf_industries_holdings_inc,5,manual_high,https://investors.cfindustries.com/,Nitrogen fertilizer exposure.,2026-05-16
financial_system,diversified_banks,,,jpmorgan_chase_co,5,manual_high,https://www.jpmorganchase.com/ir,Universal banking and capital markets exposure.,2026-05-16
financial_system,diversified_banks,,,bank_of_america_corporation,5,manual_high,https://investor.bankofamerica.com/,Universal banking and wealth management exposure.,2026-05-16
financial_system,diversified_banks,,,citigroup_inc,5,manual_high,https://www.citigroup.com/global/investors,Global banking and markets exposure.,2026-05-16
financial_system,diversified_banks,,,hsbc_holdings_plc,5,manual_high,https://www.hsbc.com/investors,Global banking and wealth exposure.,2026-05-16
financial_system,diversified_banks,,,royal_bank_of_canada,5,manual_high,https://www.rbc.com/investor-relations/,Diversified Canadian banking and capital markets exposure.,2026-05-16
financial_system,diversified_banks,,,mitsubishi_ufj_financial_group_inc,5,manual_high,https://www.mufg.jp/english/ir/,Japanese megabank and financial group exposure.,2026-05-16
financial_system,diversified_banks,,,commonwealth_bank_of_australia,5,manual_high,https://www.commbank.com.au/about-us/investors.html,Large Australian retail and commercial bank exposure.,2026-05-16
financial_system,diversified_banks,,,banco_santander_s_a,5,manual_high,https://www.santander.com/en/shareholders-and-investors,International retail and commercial banking exposure.,2026-05-16
financial_system,regional_banks,,,dbs_group_holdings_ltd,5,manual_high,https://www.dbs.com/investors/default.page,Asian regional banking group exposure.,2026-05-16
financial_system,regional_banks,,,intesa_sanpaolo_s_p_a,5,manual_high,https://group.intesasanpaolo.com/en/investor-relations,Italian banking and wealth group exposure.,2026-05-16
financial_system,regional_banks,,,lloyds_banking_group_plc,5,manual_high,https://www.lloydsbankinggroup.com/investors.html,UK retail and commercial banking exposure.,2026-05-16
financial_system,regional_banks,,,caixabank_s_a,5,manual_high,https://www.caixabank.com/shareholders-investors_en.html,Spanish retail and commercial banking exposure.,2026-05-16
financial_system,regional_banks,,,nordea_bank_abp,5,manual_high,https://www.nordea.com/en/investors,Nordic banking and wealth group exposure.,2026-05-16
financial_system,regional_banks,,,natwest_group_plc,5,manual_high,https://www.natwestgroup.com/investors.html,UK retail and commercial banking exposure.,2026-05-16
financial_system,regional_banks,,,fifth_third_bancorp,4,manual_high,https://ir.53.com/,US regional banking exposure.,2026-05-16
financial_system,insurance,,,berkshire_hathaway_inc,4,manual_medium,https://www.berkshirehathaway.com/reports.html,Insurance operations are a major part of a diversified holding company.,2026-05-16
financial_system,insurance,,,allianz_se,5,manual_high,https://www.allianz.com/en/investor_relations.html,Global insurance and asset management exposure.,2026-05-16
financial_system,insurance,,,axa_sa,5,manual_high,https://www.axa.com/en/investor,Global insurance and asset management exposure.,2026-05-16
financial_system,insurance,,,aia_group_limited,5,manual_high,https://www.aia.com/en/investor-relations,Asian life insurance exposure.,2026-05-16
financial_system,insurance,,,ping_an_insurance_group_company_of_china_ltd,5,manual_high,https://group.pingan.com/investor_relations_en/,Chinese insurance and financial services exposure.,2026-05-16
financial_system,insurance,,,allstate_corp,5,manual_high,https://www.allstateinvestors.com/,Property and casualty insurance exposure.,2026-05-16
financial_system,asset_management,,,blackrock_inc,5,manual_high,https://www.blackrock.com/corporate/investor-relations,Global asset management platform exposure.,2026-05-16
financial_system,asset_management,,,brookfield_asset_management_ltd,5,manual_high,https://bam.brookfield.com/investor-relations,Alternative asset management exposure.,2026-05-16
financial_system,asset_management,,,apollo_global_management_inc,5,manual_high,https://ir.apollo.com/,Alternative asset management exposure.,2026-05-16
financial_system,asset_management,,,kkr_co_inc,5,manual_high,https://ir.kkr.com/,Alternative asset management exposure.,2026-05-16
financial_system,asset_management,,,ares_management_corporation,5,manual_high,https://ir.aresmgmt.com/,Alternative credit and asset management exposure.,2026-05-16
financial_system,capital_markets,,,morgan_stanley,5,manual_high,https://www.morganstanley.com/about-us-ir,Investment banking and wealth management exposure.,2026-05-16
financial_system,capital_markets,,,the_goldman_sachs_group_inc,5,manual_high,https://www.goldmansachs.com/investor-relations/,Investment banking and trading exposure.,2026-05-16
financial_system,capital_markets,,,charles_schwab_corp,5,manual_high,https://www.aboutschwab.com/investor-relations,Brokerage and wealth platform exposure.,2026-05-16
financial_system,capital_markets,,,interactive_brokers_group_inc,5,manual_high,https://investors.interactivebrokers.com/,Electronic brokerage platform exposure.,2026-05-16
financial_system,capital_markets,,,macquarie_group_limited,4,manual_high,https://www.macquarie.com/us/en/investors.html,Capital markets and asset management exposure.,2026-05-16
financial_system,exchanges_data,,,cme_group_inc,5,manual_high,https://www.cmegroup.com/investor-relations.html,Derivatives exchange and clearing exposure.,2026-05-16
financial_system,exchanges_data,,,intercontinental_exchange_inc_r,5,manual_high,https://ir.theice.com/,Exchange clearing and market data exposure.,2026-05-16
financial_system,exchanges_data,,,nasdaq_inc,5,manual_high,https://ir.nasdaq.com/,Exchange technology and market data exposure.,2026-05-16
financial_system,exchanges_data,,,london_stock_exchange_group_plc,5,manual_high,https://www.lseg.com/en/investor-relations,Exchange data and analytics infrastructure exposure.,2026-05-16
financial_system,exchanges_data,,,s_p_global_inc,5,manual_high,https://investor.spglobal.com/,Ratings benchmarks and financial data exposure.,2026-05-16
financial_system,exchanges_data,,,msci_inc,5,manual_high,https://ir.msci.com/,Index and portfolio analytics exposure.,2026-05-16
financial_system,credit_payments,,,american_express_company,5,manual_high,https://ir.americanexpress.com/,Card issuer and payments network exposure.,2026-05-16
financial_system,credit_payments,,,equifax_inc,4,manual_high,https://investor.equifax.com/,Credit bureau and data analytics exposure.,2026-05-16
financial_system,credit_payments,,,experian_plc,4,manual_high,https://www.experianplc.com/investors,Credit bureau and data analytics exposure.,2026-05-16
enterprise_software,erp_crm_workflow,,,sap_se,5,manual_high,https://www.sap.com/investors/en.html,ERP and enterprise application software exposure.,2026-05-16
enterprise_software,erp_crm_workflow,,,salesforce_inc,5,manual_high,https://investor.salesforce.com/,CRM and enterprise workflow software exposure.,2026-05-16
enterprise_software,erp_crm_workflow,,,servicenow_inc,5,manual_high,https://www.servicenow.com/company/investor-relations.html,Enterprise workflow software platform exposure.,2026-05-16
enterprise_software,erp_crm_workflow,,,workday_inc,5,manual_high,https://investor.workday.com/,HR and finance enterprise software exposure.,2026-05-16
enterprise_software,erp_crm_workflow,,,adobe_inc,4,manual_high,https://www.adobe.com/investor-relations.html,Enterprise creative and digital experience software exposure.,2026-05-16
enterprise_software,erp_crm_workflow,,,automatic_data_processing_inc,5,manual_high,https://investors.adp.com/,Payroll and HCM software exposure.,2026-05-16
enterprise_software,erp_crm_workflow,,,paychex_inc,5,manual_high,https://investor.paychex.com/,Payroll and HCM software exposure.,2026-05-16
enterprise_software,erp_crm_workflow,,,paycom_software_inc,5,manual_high,https://investors.paycom.com/,Payroll and HCM software platform exposure.,2026-05-16
enterprise_software,erp_crm_workflow,,,hubspot_inc,4,manual_high,https://ir.hubspot.com/,CRM and marketing software exposure.,2026-05-16
enterprise_software,developer_tools,,,atlassian,5,manual_high,https://investors.atlassian.com/,Developer collaboration and DevOps software exposure.,2026-05-16
enterprise_software,developer_tools,,,gitlab_inc,5,manual_high,https://ir.gitlab.com/,DevSecOps platform exposure.,2026-05-16
enterprise_software,developer_tools,,,jfrog_ltd,5,manual_high,https://investors.jfrog.com/,Software supply-chain and DevOps platform exposure.,2026-05-16
enterprise_software,developer_tools,,,unity_software_inc,4,manual_high,https://investors.unity.com/,Developer platform for real-time 3D applications.,2026-05-16
enterprise_software,data_observability,,,snowflake_inc,5,manual_high,https://investors.snowflake.com/,Cloud data platform exposure.,2026-05-16
enterprise_software,data_observability,,,datadog_inc,5,manual_high,https://investors.datadoghq.com/,Observability and monitoring platform exposure.,2026-05-16
enterprise_software,data_observability,,,dynatrace_inc,5,manual_high,https://ir.dynatrace.com/,Observability and application performance software exposure.,2026-05-16
enterprise_software,data_observability,,,elastic_n_v,5,manual_high,https://ir.elastic.co/,Search logging and observability platform exposure.,2026-05-16
enterprise_software,data_observability,,,mongodb,5,manual_high,https://investors.mongodb.com/,Developer data platform exposure.,2026-05-16
enterprise_software,data_observability,,,netapp_inc,4,manual_high,https://investors.netapp.com/,Enterprise data storage and management software exposure.,2026-05-16
enterprise_software,cybersecurity,,,palo_alto_networks_inc,5,manual_high,https://investors.paloaltonetworks.com/,Cybersecurity platform exposure.,2026-05-16
enterprise_software,cybersecurity,,,crowdstrike,5,manual_high,https://ir.crowdstrike.com/,Endpoint and cloud cybersecurity platform exposure.,2026-05-16
enterprise_software,cybersecurity,,,fortinet_inc,5,manual_high,https://investor.fortinet.com/,Network and security platform exposure.,2026-05-16
enterprise_software,cybersecurity,,,zscaler_inc,5,manual_high,https://ir.zscaler.com/,Zero trust and cloud security exposure.,2026-05-16
enterprise_software,cybersecurity,,,okta_inc,5,manual_high,https://investor.okta.com/,Identity and access management exposure.,2026-05-16
enterprise_software,cybersecurity,,,cloudflare,4,manual_high,https://cloudflare.net/,Network and application security platform exposure.,2026-05-16
enterprise_software,cybersecurity,,,cyberark_software,5,manual_high,https://investors.cyberark.com/,Identity security platform exposure.,2026-05-16
enterprise_software,cybersecurity,,,check_point_software_technologies,5,manual_high,https://investors.checkpoint.com/,Cybersecurity software exposure.,2026-05-16
enterprise_software,it_services_consulting,,,accenture_plc,5,manual_high,https://investor.accenture.com/,IT consulting and managed services exposure.,2026-05-16
enterprise_software,it_services_consulting,,,capgemini_se,5,manual_high,https://investors.capgemini.com/en/,IT consulting and digital transformation exposure.,2026-05-16
enterprise_software,it_services_consulting,,,cognizant_technology_solutions_corp,5,manual_high,https://investors.cognizant.com/,IT services and consulting exposure.,2026-05-16
enterprise_software,it_services_consulting,,,fujitsu_limited,4,manual_high,https://www.fujitsu.com/global/about/ir/,IT services and systems integration exposure.,2026-05-16
enterprise_software,it_services_consulting,,,cgi_inc,4,manual_high,https://www.cgi.com/en/investors,IT consulting and managed services exposure.,2026-05-16
enterprise_software,vertical_software,,,constellation_software_inc,5,manual_high,https://www.csisoftware.com/category/investors/,Vertical market software exposure.,2026-05-16
enterprise_software,vertical_software,,,guidewire_software_inc,5,manual_high,https://ir.guidewire.com/,Insurance software platform exposure.,2026-05-16
enterprise_software,vertical_software,,,tyler_technologies_inc,5,manual_high,https://ir.tylertech.com/,Public-sector software platform exposure.,2026-05-16
enterprise_software,vertical_software,,,ptc_inc,5,manual_high,https://investor.ptc.com/,Industrial product lifecycle software exposure.,2026-05-16
enterprise_software,vertical_software,,,the_descartes_systems_group_inc,5,manual_high,https://investors.descartes.com/,Logistics and supply-chain software exposure.,2026-05-16
enterprise_software,communications_collaboration,,,twilio_inc,5,manual_high,https://investors.twilio.com/,Customer communications software platform exposure.,2026-05-16
enterprise_software,communications_collaboration,,,nice_ltd,5,manual_high,https://ir.nice.com/,Contact centre and customer engagement software exposure.,2026-05-16
enterprise_software,communications_collaboration,,,zoom_communications,5,manual_high,https://investors.zoom.us/,Enterprise video communications software exposure.,2026-05-16
industrial_automation,automation_controls,,,rockwell_automation_inc,5,manual_high,https://ir.rockwellautomation.com/,Factory automation and industrial control exposure.,2026-05-16
industrial_automation,automation_controls,,,emerson_electric_co_r,5,manual_high,https://www.emerson.com/en-us/investors,Automation and process control exposure.,2026-05-16
industrial_automation,automation_controls,,,fanuc_corporation,5,manual_high,https://www.fanuc.co.jp/en/ir/,Robotics and factory automation exposure.,2026-05-16
industrial_automation,automation_controls,,,yaskawa_electric_corporation,5,manual_high,https://www.yaskawa-global.com/ir,Drives motion control and robotics exposure.,2026-05-16
industrial_automation,automation_controls,,,smc_corporation,5,manual_high,https://www.smcworld.com/ir/,Pneumatic automation component exposure.,2026-05-16
industrial_automation,automation_controls,,,siemens_aktiengesellschaft,4,manual_medium,https://www.siemens.com/global/en/company/investor-relations.html,Industrial automation exposure within a diversified industrial group.,2026-05-16
industrial_automation,automation_controls,,,abb_ltd_n,4,manual_medium,https://global.abb/group/en/investors,Automation and motion exposure within a diversified industrial group.,2026-05-16
industrial_automation,automation_controls,,,schneider_electric_s_e,4,manual_medium,https://www.se.com/ww/en/about-us/investor-relations/,Industrial automation exposure within energy management operations.,2026-05-16
industrial_automation,electrification_power,,,eaton,5,manual_high,https://www.eaton.com/us/en-us/company/investor-relations.html,Power management and electrical equipment exposure.,2026-05-16
industrial_automation,electrification_power,,,siemens_energy_ag,5,manual_high,https://www.siemens-energy.com/global/en/home/investor-relations.html,Grid and power equipment exposure.,2026-05-16
industrial_automation,electrification_power,,,legrand_sa,5,manual_high,https://www.legrandgroup.com/en/finance,Electrical and digital building infrastructure exposure.,2026-05-16
industrial_automation,electrification_power,,,prysmian_s_p_a,5,manual_high,https://www.prysmian.com/en/company/investors,Power and cable systems exposure.,2026-05-16
industrial_automation,electrification_power,,,mitsubishi_electric_corporation,4,manual_high,https://www.mitsubishielectric.com/en/investors/,Electrical and factory automation equipment exposure.,2026-05-16
industrial_automation,machinery_equipment,,,atlas_copco_ab_publ,5,manual_high,https://www.atlascopcogroup.com/en/investor-relations,Compressors vacuum and industrial tools exposure.,2026-05-16
industrial_automation,machinery_equipment,,,parker_hannifin_corporation,5,manual_high,https://investors.parker.com/,Motion and control technologies exposure.,2026-05-16
industrial_automation,machinery_equipment,,,cummins_inc,5,manual_high,https://investor.cummins.com/,Engines power systems and components exposure.,2026-05-16
industrial_automation,machinery_equipment,,,illinois_tool_works_inc,5,manual_high,https://investor.itw.com/,Engineered industrial equipment exposure.,2026-05-16
industrial_automation,machinery_equipment,,,ingersoll_rand_inc,5,manual_high,https://ir.irco.com/,Compressors pumps and industrial equipment exposure.,2026-05-16
industrial_automation,machinery_equipment,,,alfa_laval_ab_publ,5,manual_high,https://www.alfalaval.com/investors/,Heat transfer separation and fluid handling exposure.,2026-05-16
industrial_automation,construction_agriculture_equipment,,,caterpillar_inc,5,manual_high,https://investors.caterpillar.com/,Construction and mining equipment exposure.,2026-05-16
industrial_automation,construction_agriculture_equipment,,,deere_company,5,manual_high,https://investor.deere.com/,Agriculture and construction equipment exposure.,2026-05-16
industrial_automation,construction_agriculture_equipment,,,komatsu_ltd,5,manual_high,https://www.komatsu.jp/en/ir/,Construction and mining equipment exposure.,2026-05-16
industrial_automation,construction_agriculture_equipment,,,ab_volvo_publ,4,manual_high,https://www.volvogroup.com/en/investors.html,Trucks construction equipment and industrial engines exposure.,2026-05-16
industrial_automation,construction_agriculture_equipment,,,paccar_inc,4,manual_high,https://investor.paccar.com/,Heavy truck manufacturing exposure.,2026-05-16
industrial_automation,construction_agriculture_equipment,,,cnh_industrial_n_v,5,manual_high,https://www.cnh.com/en-US/investor_relations,Agriculture and construction equipment exposure.,2026-05-16
industrial_automation,industrial_software,,,autodesk_inc,5,manual_high,https://investors.autodesk.com/,CAD and design software exposure.,2026-05-16
industrial_automation,industrial_software,,,ptc_inc,5,manual_high,https://investor.ptc.com/,PLM CAD and industrial IoT software exposure.,2026-05-16
industrial_automation,industrial_software,,,dassault_systèmes_se,5,manual_high,https://investor.3ds.com/,3D design simulation and PLM software exposure.,2026-05-16
industrial_automation,industrial_software,,,hexagon_ab_publ,5,manual_high,https://hexagon.com/company/investors,Industrial measurement and asset design software exposure.,2026-05-16
industrial_automation,industrial_software,,,bentley_systems,5,manual_high,https://investors.bentley.com/,Infrastructure engineering software exposure.,2026-05-16
industrial_automation,testing_measurement,,,keysight_technologies_inc,5,manual_high,https://investor.keysight.com/,Electronic test and measurement exposure.,2026-05-16
industrial_automation,testing_measurement,,,ametek_inc,5,manual_high,https://investors.ametek.com/,Electronic instruments and electromechanical exposure.,2026-05-16
industrial_automation,testing_measurement,,,teledyne_technologies,5,manual_high,https://www.teledyne.com/investors,Instrumentation imaging and sensing exposure.,2026-05-16
industrial_automation,testing_measurement,,,fortive,5,manual_high,https://investors.fortive.com/,Professional instrumentation and industrial technology exposure.,2026-05-16
industrial_automation,testing_measurement,,,mettler_toledo_international_inc,5,manual_high,https://investors.mt.com/,Precision instruments and industrial measurement exposure.,2026-05-16
industrial_automation,engineering_services,,,vinci_sa,4,manual_medium,https://www.vinci.com/vinci.nsf/en/finance.htm,Engineering construction and infrastructure concessions exposure.,2026-05-16
industrial_automation,engineering_services,,,acs_actividades_de_construcción_y_servicios_s_a,4,manual_high,https://www.grupoacs.com/shareholders-investors/,Engineering and construction services exposure.,2026-05-16
industrial_automation,engineering_services,,,hochtief_aktiengesellschaft,4,manual_high,https://www.hochtief.com/investor-relations,Engineering and construction services exposure.,2026-05-16
industrial_automation,engineering_services,,,larsen_toubro_limited,4,manual_high,https://investors.larsentoubro.com/,Engineering construction and industrial projects exposure.,2026-05-16
industrial_automation,engineering_services,,,wsp_global_inc,4,manual_high,https://www.wsp.com/en-gl/investors,Engineering consulting and design services exposure.,2026-05-16
consumer_brands,mass_retail,,,walmart_inc,5,manual_high,https://stock.walmart.com/investors/default.aspx,Mass retail and grocery channel exposure.,2026-05-16
consumer_brands,mass_retail,,,costco_wholesale_corporation,5,manual_high,https://investor.costco.com/,Warehouse retail channel exposure.,2026-05-16
consumer_brands,mass_retail,,,target_corporation,5,manual_high,https://investors.target.com/,Mass retail channel exposure.,2026-05-16
consumer_brands,mass_retail,,,dollarama_inc,5,manual_high,https://www.dollarama.com/en-CA/corp/investor-relations,Dollar store retail channel exposure.,2026-05-16
consumer_brands,mass_retail,,,dollar_general_corp_new_r,5,manual_high,https://investor.dollargeneral.com/,Dollar store retail channel exposure.,2026-05-16
consumer_brands,mass_retail,,,tesco_plc,5,manual_high,https://www.tescoplc.com/investors/,Grocery and mass retail channel exposure.,2026-05-16
consumer_brands,mass_retail,,,the_kroger_co,5,manual_high,https://ir.kroger.com/,Grocery retail channel exposure.,2026-05-16
consumer_brands,mass_retail,,,loblaw_companies_limited,5,manual_high,https://www.loblaw.ca/en/investors/,Grocery and pharmacy retail channel exposure.,2026-05-16
consumer_brands,specialty_retail,,,the_home_depot_inc,5,manual_high,https://ir.homedepot.com/,Home improvement retail exposure.,2026-05-16
consumer_brands,specialty_retail,,,lowe_s_companies_inc,5,manual_high,https://corporate.lowes.com/investors,Home improvement retail exposure.,2026-05-16
consumer_brands,specialty_retail,,,alimentation_couche_tard_inc,5,manual_high,https://corpo.couche-tard.com/en/investors/,Convenience store retail exposure.,2026-05-16
consumer_brands,specialty_retail,,,ulta_beauty_inc,5,manual_high,https://www.ulta.com/investor,Beauty specialty retail exposure.,2026-05-16
consumer_brands,specialty_retail,,,best_buy_co_inc,5,manual_high,https://investors.bestbuy.com/,Consumer electronics specialty retail exposure.,2026-05-16
consumer_brands,specialty_retail,,,tractor_supply_company,5,manual_high,https://ir.tractorsupply.com/,Rural lifestyle specialty retail exposure.,2026-05-16
consumer_brands,luxury_apparel,,,lvmh_moët_hennessy_louis_vuitton_société_européenne,5,manual_high,https://www.lvmh.com/investors,Luxury brands portfolio exposure.,2026-05-16
consumer_brands,luxury_apparel,,,hermès_international_société_en_commandite_par_actions,5,manual_high,https://finance.hermes.com/en/,Luxury goods brand exposure.,2026-05-16
consumer_brands,luxury_apparel,,,compagnie_financière_richemont_sa,5,manual_high,https://www.richemont.com/investors/,Luxury jewellery and watch brands exposure.,2026-05-16
consumer_brands,luxury_apparel,,,kering_sa,5,manual_high,https://www.kering.com/en/finance/,Luxury goods brand exposure.,2026-05-16
consumer_brands,luxury_apparel,,,nike_inc,5,manual_high,https://investors.nike.com/,Footwear and apparel brand exposure.,2026-05-16
consumer_brands,luxury_apparel,,,adidas_ag,5,manual_high,https://www.adidas-group.com/en/investors/,Footwear and apparel brand exposure.,2026-05-16
consumer_brands,luxury_apparel,,,fast_retailing_co_ltd,5,manual_high,https://www.fastretailing.com/eng/ir/,Apparel retail and brand exposure.,2026-05-16
consumer_brands,luxury_apparel,,,industria_de_diseño_textil_s_a,5,manual_high,https://www.inditex.com/itxcomweb/en/investors,Apparel retail brand exposure.,2026-05-16
consumer_brands,beverages_tobacco,,,the_coca_cola_company,5,manual_high,https://investors.coca-colacompany.com/,Non-alcoholic beverage brand exposure.,2026-05-16
consumer_brands,beverages_tobacco,,,pepsico_inc,5,manual_high,https://investors.pepsico.com/,Beverage and snack brand exposure.,2026-05-16
consumer_brands,beverages_tobacco,,,anheuser_busch_inbev_sa_nv,5,manual_high,https://www.ab-inbev.com/investors/,Global beer brand exposure.,2026-05-16
consumer_brands,beverages_tobacco,,,heineken_n_v,5,manual_high,https://www.theheinekencompany.com/investors,Global beer brand exposure.,2026-05-16
consumer_brands,beverages_tobacco,,,diageo_plc,5,manual_high,https://www.diageo.com/en/investors,Spirits and beer brand exposure.,2026-05-16
consumer_brands,beverages_tobacco,,,philip_morris_international_inc,5,manual_high,https://www.pmi.com/investor-relations,Tobacco and nicotine brand exposure.,2026-05-16
consumer_brands,household_personal_care,,,the_procter_gamble_company,5,manual_high,https://www.pginvestor.com/,Household and personal care brand exposure.,2026-05-16
consumer_brands,household_personal_care,,,unilever_plc,5,manual_high,https://www.unilever.com/investors/,Household and personal care brand exposure.,2026-05-16
consumer_brands,household_personal_care,,,l_oréal_s_a,5,manual_high,https://www.loreal-finance.com/eng,Beauty and personal care brand exposure.,2026-05-16
consumer_brands,household_personal_care,,,colgate_palmolive_company,5,manual_high,https://investor.colgatepalmolive.com/,Oral care and household brand exposure.,2026-05-16
consumer_brands,household_personal_care,,,kenvue_inc,5,manual_high,https://investors.kenvue.com/,Consumer health and personal care brand exposure.,2026-05-16
consumer_brands,household_personal_care,,,kimberly_clark_corporation,5,manual_high,https://investor.kimberly-clark.com/,Personal care and tissue brand exposure.,2026-05-16
consumer_brands,restaurants_foodservice,,,mcdonald_s_corporation,5,manual_high,https://corporate.mcdonalds.com/corpmcd/investors.html,Global franchised restaurant exposure.,2026-05-16
consumer_brands,restaurants_foodservice,,,starbucks_corporation,5,manual_high,https://investor.starbucks.com/,Coffee chain and retail beverage exposure.,2026-05-16
consumer_brands,restaurants_foodservice,,,yum_brands_inc,5,manual_high,https://investors.yum.com/,Franchised restaurant brand exposure.,2026-05-16
consumer_brands,restaurants_foodservice,,,chipotle_mexican_grill_inc_r,5,manual_high,https://ir.chipotle.com/,Restaurant brand exposure.,2026-05-16
consumer_brands,consumer_durables,,,haier_smart_home_co_ltd,5,manual_high,https://smart-home.haier.com/en/finance/,Appliance and smart home durable exposure.,2026-05-16
consumer_brands,consumer_durables,,,sharkninja_inc,5,manual_high,https://ir.sharkninja.com/,Small appliance and home product brand exposure.,2026-05-16
transport_logistics,railroads,,,union_pacific_corp,5,manual_high,https://www.up.com/investor/,North American freight railroad exposure.,2026-05-16
transport_logistics,railroads,,,canadian_pacific_kansas_city_limited,5,manual_high,https://investors.cpkcr.com/,North American freight railroad exposure.,2026-05-16
transport_logistics,railroads,,,canadian_national_railway_company,5,manual_high,https://www.cn.ca/en/investors/,North American freight railroad exposure.,2026-05-16
transport_logistics,railroads,,,csx_corporation,5,manual_high,https://investors.csx.com/,North American freight railroad exposure.,2026-05-16
transport_logistics,railroads,,,norfolk_southern,5,manual_high,https://norfolksouthern.investorroom.com/,North American freight railroad exposure.,2026-05-16
transport_logistics,railroads,,,east_japan_railway_company,5,manual_high,https://www.jreast.co.jp/e/investor/,Passenger rail operator exposure.,2026-05-16
transport_logistics,parcel_logistics,,,fedex_corporation,5,manual_high,https://investors.fedex.com/,Parcel freight and logistics network exposure.,2026-05-16
transport_logistics,parcel_logistics,,,united_parcel_service_inc_r,5,manual_high,https://investors.ups.com/,Parcel delivery and logistics network exposure.,2026-05-16
transport_logistics,parcel_logistics,,,dhl_group,5,manual_high,https://group.dhl.com/en/investors.html,Global parcel and logistics network exposure.,2026-05-16
transport_logistics,parcel_logistics,,,zto_express_cayman_inc,5,manual_high,https://zto.investorroom.com/,Parcel delivery network exposure.,2026-05-16
transport_logistics,parcel_logistics,,,gxo_logistics_inc,4,manual_high,https://investors.gxo.com/,Contract logistics and warehouse operations exposure.,2026-05-16
transport_logistics,shipping_ports,,,a_p_møller_mærsk_a_s,5,manual_high,https://investor.maersk.com/,Container shipping and logistics exposure.,2026-05-16
transport_logistics,shipping_ports,,,hapag_lloyd_aktiengesellschaft,5,manual_high,https://www.hapag-lloyd.com/en/company/ir.html,Container shipping exposure.,2026-05-16
transport_logistics,shipping_ports,,,kawasaki_kisen_kaisha_ltd,5,manual_high,https://www.kline.co.jp/en/ir.html,Marine shipping exposure.,2026-05-16
transport_logistics,shipping_ports,,,matson_inc,5,manual_high,https://investor.matson.com/,Ocean transportation and logistics exposure.,2026-05-16
transport_logistics,airlines_airports,,,delta_air_lines_inc,5,manual_high,https://ir.delta.com/,Airline operator exposure.,2026-05-16
transport_logistics,airlines_airports,,,united_airlines_holdings_inc,5,manual_high,https://ir.united.com/,Airline operator exposure.,2026-05-16
transport_logistics,airlines_airports,,,ryanair_holdings_plc,5,manual_high,https://investor.ryanair.com/,Airline operator exposure.,2026-05-16
transport_logistics,airlines_airports,,,southwest_airlines_co_r,5,manual_high,https://investors.southwest.com/,Airline operator exposure.,2026-05-16
transport_logistics,airlines_airports,,,aena_s_m_e_s_a,5,manual_high,https://www.aena.es/en/shareholders-investors.html,Airport operator exposure.,2026-05-16
transport_logistics,airlines_airports,,,aeroports_de_paris_sa,5,manual_high,https://www.parisaeroport.fr/en/group/finance/investor-relations,Airport operator exposure.,2026-05-16
transport_logistics,trucking_freight,,,old_dominion_freight_line_inc,5,manual_high,https://ir.odfl.com/,Less-than-truckload freight exposure.,2026-05-16
transport_logistics,trucking_freight,,,xpo_inc,5,manual_high,https://investors.xpo.com/,Less-than-truckload and freight brokerage exposure.,2026-05-16
transport_logistics,trucking_freight,,,j_b_hunt_transport_services_inc,5,manual_high,https://investor.jbhunt.com/,Truckload intermodal and logistics exposure.,2026-05-16
transport_logistics,trucking_freight,,,saia_inc,5,manual_high,https://www.saia.com/about/investors,Less-than-truckload freight exposure.,2026-05-16
transport_logistics,trucking_freight,,,tfi_international_inc,5,manual_high,https://tfiintl.com/en/investors/,Trucking and logistics exposure.,2026-05-16
transport_logistics,freight_forwarding,,,dsv_a_s_i,5,manual_high,https://www.dsv.com/en/investor,Freight forwarding and contract logistics exposure.,2026-05-16
transport_logistics,freight_forwarding,,,kuehne_nagel_international_ag,5,manual_high,https://investor.kuehne-nagel.com/,Freight forwarding and supply-chain management exposure.,2026-05-16
transport_logistics,freight_forwarding,,,expeditors_international_of_washington_inc,5,manual_high,https://investor.expeditors.com/,Freight forwarding and customs brokerage exposure.,2026-05-16
transport_logistics,freight_forwarding,,,c_h_robinson_worldwide_inc,5,manual_high,https://investors.chrobinson.com/,Freight brokerage and logistics exposure.,2026-05-16
transport_logistics,transport_infrastructure,,,vinci_sa,4,manual_medium,https://www.vinci.com/vinci.nsf/en/finance.htm,Toll road airport and transport concession exposure.,2026-05-16
transport_logistics,transport_infrastructure,,,ferrovial_n_v,4,manual_high,https://www.ferrovial.com/en/ir-shareholders/,Airport toll road and mobility infrastructure exposure.,2026-05-16
transport_logistics,transport_infrastructure,,,getlink_se,5,manual_high,https://www.getlinkgroup.com/en/shareholders-investors/,Channel Tunnel rail infrastructure exposure.,2026-05-16
transport_logistics,transport_infrastructure,,,ck_hutchison_holdings_limited,3,manual_medium,https://www.ckh.com.hk/en/ir/,Ports exposure within a diversified infrastructure group.,2026-05-16
transport_logistics,transport_infrastructure,,,brambles_limited,4,manual_high,https://www.brambles.com/investors,Reusable pallet and logistics infrastructure exposure.,2026-05-16
